Matthieu Schaller       schaller@strw.leidenuniv.nl
Pedro Gonnet            gonnet@google.com	
Aidan Chalk             aidan.chalk@durham.ac.uk
Peter W. Draper         p.w.draper@durham.ac.uk
Bert Vandenbroucke      bert.vandenbroucke@gmail.com
James S. Willis 	james.s.willis@durham.ac.uk
John A. Regan 		john.a.regan@durham.ac.uk
Angus Lepper		angus.lepper@ed.ac.uk
Tom Theuns 		tom.theuns@durham.ac.uk
Richard G. Bower	r.g.bower@durham.ac.uk
Stefan Arridge		stefan.arridge@durham.ac.uk
Josh Borrow             joshua.borrow@durham.ac.uk
Loic Hausammann		loic.hausammann@epfl.ch
Yves Revaz   		yves.revaz@epfl.ch
Jacob Kegerreis         jacob.kegerreis@durham.ac.uk
Mladen Ivkovic          mladen.ivkovic@durham.ac.uk
Stuart McAlpine       	stuart.mcalpine@helsinki.fi
Folkert Nobels		nobels@strw.leidenuniv.nl
John Helly		j.c.helly@durham.ac.uk
Alexei Borissov		alexei.borissov@ed.ac.uk
Yannick Bahe		bahe@strw.leidenuniv.nl
Roi Kugel		kugel@strw.leidenuniv.nl
Evgenii Chaikin		chaikin@strw.leidenuniv.nl
Sylvia Ploeckinger	ploeckinger@lorentz.leidenuniv.nl
Willem Elbers		willem.h.elbers@durham.ac.uk
TK Chan			chantsangkeung@gmail.com
Marcel van Daalen	daalen@strw.leidenuniv.nl
Filip Husko 		filip.husko@durham.ac.uk
Orestis Karapiperis	karapiperis@lorentz.leidenuniv.nl
Stan Verhoeve           s06verhoeve@gmail.com
Nikyta Shchutskyi  	shchutskyi@lorentz.leidenuniv.nl
Will Roper              w.roper@sussex.ac.uk
Darwin Roduit 		darwin.roduit@epfl.ch